area_sqft,bedrooms,age_years,distance_city_km,price_lakh,price_per_sqft,age_category
849.0,5.0,33.0,17.6,66.5,7832.744405182568,Old
2068.0,4.0,18.0,1.6,120.2,5812.379110251451,Mid
1352.0,3.0,30.0,9.6,96.7,7152.366863905326,Mid
655.0,3.0,36.0,5.2,51.2,7816.793893129771,Old
1062.0,1.0,32.0,24.0,58.4,5499.0583804143125,Old
1911.0,3.0,4.0,20.7,103.1,5395.0811093668235,New
2520.0,2.0,35.0,1.1,108.3,4297.619047619048,Old
2560.0,4.0,27.0,6.2,154.3,6027.343750000001,Mid
1427.0,2.0,14.0,23.2,72.0,5045.550105115627,Mid
1911.0,5.0,10.0,21.1,119.1,6232.339089481947,New
2332.0,4.0,22.0,19.8,120.0,5145.797598627787,Mid
2178.0,1.0,,8.3,101.7,4669.421487603306,
694.0,4.0,10.0,12.3,72.6,10461.095100864552,New
1172.0,3.0,35.0,22.7,65.9,5622.866894197953,Old
2491.0,2.0,1.0,9.6,127.8,5130.469690887194,New
2995.0,2.0,9.0,20.2,143.1,4777.963272120201,New
702.0,3.0,30.0,24.9,43.4,6182.336182336182,Mid
628.0,3.0,32.0,9.9,45.9,7308.91719745223,Old
1118.0,1.0,,2.5,62.8,5617.173524150268,
1569.0,2.0,14.0,11.2,84.5,5385.59592096877,Mid
1229.0,4.0,23.0,8.5,84.7,6891.781936533767,Mid
1804.0,1.0,24.0,10.5,76.6,4246.119733924612,Mid
849.0,1.0,32.0,20.0,57.8,6808.009422850412,Old
2117.0,4.0,32.0,1.3,112.5,5314.123760037789,Old
1636.0,3.0,16.0,7.2,112.6,6882.640586797066,Mid
2257.0,3.0,23.0,3.0,149.6,6628.267611874169,Mid
1854.0,3.0,39.0,1.1,114.2,6159.654800431499,Old
2560.0,4.0,18.0,8.6,146.1,5707.03125,Mid
682.0,2.0,11.0,1.7,63.0,9237.536656891496,Mid
521.0,5.0,5.0,21.6,71.0,13627.63915547025,New
687.0,5.0,16.0,8.0,69.3,10087.336244541484,Mid
1644.0,5.0,39.0,17.4,100.6,6119.221411192214,Old
2731.0,2.0,1.0,2.2,147.3,5393.628707433175,New
610.0,3.0,11.0,21.4,58.9,9655.737704918032,Mid
2522.0,2.0,32.0,8.7,130.4,5170.499603489294,Old
510.0,2.0,15.0,6.9,70.9,13901.960784313727,Mid
748.0,2.0,26.0,10.7,42.1,5628.3422459893045,Mid
1183.0,1.0,5.0,4.8,68.3,5773.457311918851,New
2425.0,1.0,21.0,,108.9,4490.721649484536,Mid
2641.0,2.0,1.0,15.8,117.2,4437.712987504733,New
2578.0,4.0,,5.9,135.0,5236.617532971296,
2246.0,3.0,12.0,22.9,109.7,4884.238646482636,Mid
518.0,3.0,14.0,20.4,46.8,9034.749034749035,Mid
2308.0,4.0,39.0,11.0,132.3,5732.235701906413,Old
2931.0,4.0,10.0,9.7,168.2,5738.655748891163,New
2587.0,3.0,8.0,3.1,134.0,5179.74487823734,New
2395.0,1.0,27.0,11.9,100.9,4212.94363256785,Mid
840.0,2.0,16.0,22.1,61.3,7297.619047619048,Mid
2260.0,3.0,6.0,14.8,132.4,5858.407079646017,New
2304.0,3.0,14.0,2.2,143.6,6232.638888888889,Mid
2514.0,3.0,0.0,12.7,147.0,5847.255369928401,
2263.0,5.0,14.0,18.5,115.4,5099.425541316836,Mid
1463.0,3.0,22.0,8.3,93.7,6404.647983595352,Mid
2000.0,1.0,38.0,6.0,82.4,4120.000000000001,Old
2794.0,4.0,0.0,22.1,131.5,4706.513958482463,
517.0,4.0,9.0,17.9,66.8,12920.696324951645,New
815.0,2.0,24.0,17.0,50.0,6134.9693251533745,Mid
1736.0,3.0,23.0,2.6,118.3,6814.5161290322585,Mid
1543.0,4.0,24.0,15.9,112.7,7303.953337653921,Mid
1110.0,2.0,36.0,1.1,76.1,6855.855855855855,Old
2165.0,3.0,12.0,16.0,131.6,6078.521939953811,Mid
2676.0,2.0,10.0,15.5,129.7,4846.786248131539,New
1322.0,5.0,32.0,8.1,102.6,7760.968229954614,Old
2613.0,3.0,19.0,10.2,138.6,5304.247990815155,Mid
1656.0,2.0,39.0,12.7,82.3,4969.806763285024,Old
500.0,3.0,31.0,17.0,28.4,5680.0,Old
517.0,3.0,2.0,22.6,55.7,10773.694390715667,New
1402.0,2.0,19.0,1.4,85.7,6112.696148359487,Mid
2436.0,3.0,3.0,6.8,130.9,5373.563218390805,New
1940.0,5.0,24.0,13.6,113.1,5829.896907216495,Mid
1479.0,2.0,30.0,15.0,87.3,5902.6369168357,Mid
1391.0,5.0,11.0,14.8,110.1,7915.168943206327,Mid
607.0,1.0,19.0,4.3,45.3,7462.932454695222,Mid
2159.0,5.0,35.0,18.4,122.6,5678.554886521538,Old
2482.0,1.0,25.0,15.9,115.0,4633.360193392426,Mid
1770.0,3.0,29.0,9.1,158.2,-31639.999999999996,Mid
1938.0,1.0,21.0,22.9,80.5,4153.7667698658415,Mid
1672.0,4.0,25.0,3.4,96.7,5783.492822966507,Mid
545.0,1.0,0.0,11.6,33.7,6183.486238532111,
2684.0,2.0,25.0,17.1,134.6,5014.903129657228,Mid
1543.0,4.0,14.0,15.8,118.5,7679.8444588464035,Mid
1706.0,3.0,8.0,10.5,100.5,5890.973036342321,New
860.0,1.0,4.0,12.6,48.3,5616.279069767442,New
710.0,3.0,0.0,4.7,76.3,10746.478873239437,
2851.0,2.0,12.0,21.8,137.3,4815.854086285514,Mid
861.0,4.0,18.0,20.5,60.6,7038.327526132404,Mid
2838.0,1.0,22.0,12.6,152.6,5377.026074700493,Mid
2543.0,2.0,4.0,14.8,141.1,5548.564687377114,New
1190.0,4.0,9.0,2.8,83.6,7025.2100840336125,New
2246.0,4.0,12.0,21.3,131.0,5832.591273374888,Mid
1282.0,5.0,27.0,15.0,90.6,7067.082683307332,Mid
794.0,1.0,25.0,13.2,52.4,6599.496221662468,Mid
2005.0,2.0,8.0,7.3,86.0,4289.27680798005,New
1483.0,4.0,34.0,15.9,82.0,5529.3324342548885,Old
1468.0,2.0,21.0,11.7,85.2,5803.814713896458,Mid
1997.0,1.0,0.0,6.3,103.1,5162.744116174262,
845.0,5.0,8.0,20.0,99.7,11798.816568047338,New
2418.0,5.0,1.0,16.5,140.8,5822.994210090985,New
1714.0,4.0,14.0,5.6,83.8,4889.148191365228,Mid
2774.0,2.0,39.0,17.0,138.2,4981.97548666186,Old
1612.0,4.0,31.0,6.2,103.0,6389.578163771712,Old
782.0,3.0,3.0,5.9,65.3,8350.383631713556,New
2337.0,2.0,18.0,4.6,125.4,5365.8536585365855,Mid
740.0,2.0,22.0,18.0,64.4,8702.702702702703,Mid
1656.0,5.0,20.0,9.0,130.2,7862.318840579709,Mid
1568.0,3.0,6.0,10.3,111.1,7085.459183673469,New
2620.0,5.0,15.0,15.7,154.4,5893.1297709923665,Mid
970.0,1.0,6.0,23.7,49.8,5134.020618556701,New
1248.0,1.0,7.0,4.8,87.2,6987.179487179487,New
1585.0,4.0,39.0,12.9,90.4,5703.470031545741,Old
2936.0,3.0,13.0,23.4,149.5,5091.961852861035,Mid
550.0,5.0,11.0,22.8,83.0,15090.90909090909,Mid
1582.0,3.0,33.0,14.7,92.2,5828.065739570165,Old
805.0,3.0,12.0,22.7,44.3,5503.105590062112,Mid
2709.0,2.0,5.0,11.7,138.8,5123.661867847915,New
1595.0,1.0,4.0,19.8,87.9,5510.971786833856,New
2222.0,4.0,40.0,6.2,119.0,5355.535553555355,Old
749.0,2.0,30.0,1.3,60.5,8077.436582109479,Mid
1013.0,1.0,34.0,14.8,54.5,5380.0592300098715,Old
1232.0,4.0,20.0,12.2,105.4,8555.194805194806,Mid
1888.0,4.0,11.0,21.0,107.8,5709.745762711865,Mid
1939.0,4.0,32.0,8.3,122.7,6328.004125838061,Old
1693.0,5.0,35.0,5.8,82.7,4884.8198464264615,Old
2080.0,4.0,30.0,5.5,129.1,6206.7307692307695,Mid
2884.0,4.0,34.0,22.6,138.7,4809.292649098474,Old
1655.0,1.0,35.0,13.6,87.9,5311.178247734139,Old
1380.0,5.0,20.0,18.0,67.5,4891.304347826087,Mid
1905.0,5.0,,24.5,123.6,6488.188976377953,
1630.0,4.0,34.0,22.7,94.4,5791.411042944786,Old
2645.0,3.0,16.0,9.7,138.0,5217.391304347826,Mid
1770.0,5.0,15.0,13.0,123.7,,Mid
2937.0,3.0,24.0,18.1,158.4,5393.258426966292,Mid
1220.0,5.0,10.0,13.2,92.6,7590.163934426229,New
1060.0,1.0,20.0,11.5,58.4,5509.433962264151,Mid
1483.0,5.0,38.0,3.5,99.7,6722.85906945381,Old
2945.0,4.0,28.0,9.1,152.8,5188.455008488965,Mid
1415.0,2.0,30.0,,82.9,5858.657243816255,Mid
1432.0,2.0,31.0,17.6,71.2,4972.067039106145,Old
2085.0,5.0,19.0,4.8,111.3,5338.1294964028775,Mid
2230.0,5.0,6.0,5.4,149.6,6708.520179372197,New
1377.0,2.0,27.0,22.6,96.7,7022.512708787219,Mid
1439.0,2.0,26.0,9.2,80.0,5559.416261292564,Mid
2779.0,,5.0,15.2,168.6,6066.930550557755,New
2443.0,1.0,7.0,19.7,93.0,3806.7949242734344,New
810.0,2.0,25.0,10.4,44.8,5530.864197530864,Mid
2330.0,1.0,3.0,22.5,111.0,4763.948497854078,New
2783.0,1.0,8.0,4.1,138.2,4965.864175350341,New
604.0,2.0,29.0,18.2,50.6,8377.48344370861,Mid
1691.0,4.0,20.0,9.9,128.0,7569.485511531638,Mid
2929.0,1.0,1.0,3.3,130.1,4441.789006486855,New
2736.0,1.0,4.0,5.7,128.2,4685.672514619882,New
2215.0,2.0,24.0,2.4,137.8,6221.218961625283,Mid
2155.0,1.0,5.0,19.1,114.0,5290.023201856148,New
980.0,2.0,27.0,18.6,64.8,6612.244897959184,Mid
541.0,4.0,34.0,18.1,73.5,13585.951940850277,Old
2081.0,1.0,33.0,22.2,82.1,3945.2186448822677,Old
2666.0,4.0,25.0,18.7,137.4,5153.788447111778,Mid
1075.0,4.0,22.0,23.5,89.2,8297.67441860465,Mid
2791.0,2.0,13.0,21.1,130.6,4679.326406305983,Mid
1590.0,4.0,9.0,11.9,101.7,6396.226415094339,New
2610.0,1.0,38.0,6.5,97.0,3716.4750957854408,Old
1839.0,2.0,2.0,4.0,115.7,6291.462751495378,New
1592.0,5.0,37.0,21.0,106.3,6677.13567839196,Old
2460.0,2.0,23.0,20.7,116.0,4715.447154471544,Mid
832.0,3.0,40.0,6.2,57.7,6935.096153846154,Old
2390.0,2.0,37.0,9.3,109.4,4577.405857740586,Old
1432.0,1.0,35.0,25.0,76.5,5342.17877094972,Old
685.0,2.0,1.0,8.6,76.4,11153.284671532849,New
1300.0,3.0,27.0,9.7,92.0,7076.923076923077,Mid
1543.0,5.0,11.0,24.5,95.1,6163.318211276734,Mid
2781.0,3.0,37.0,3.9,152.5,5483.63897878461,Old
1643.0,3.0,31.0,3.5,102.6,6244.674376141205,Old
1770.0,4.0,12.0,18.0,135.5,,Mid
2754.0,2.0,20.0,1.5,155.7,5653.594771241829,Mid
1983.0,1.0,28.0,1.9,84.1,4241.048915784166,Mid
783.0,4.0,24.0,15.1,77.4,9885.057471264368,Mid
1631.0,2.0,20.0,13.3,94.8,5812.385039852851,Mid
2085.0,4.0,29.0,6.5,108.2,5189.448441247003,Mid
2727.0,3.0,30.0,4.4,144.7,5306.197286395305,Mid
1995.0,5.0,17.0,19.1,128.0,6416.040100250627,Mid
2081.0,1.0,9.0,1.5,111.1,5338.7794329649205,New
1899.0,4.0,0.0,7.2,132.5,6977.356503422854,
1279.0,5.0,6.0,4.2,112.0,8756.841282251758,New
1294.0,4.0,24.0,21.4,95.0,7341.576506955178,Mid
1967.0,5.0,30.0,18.6,118.5,6024.4026436197255,Mid
1051.0,3.0,35.0,17.0,54.0,5137.963843958135,Old
2092.0,2.0,16.0,5.1,110.5,5282.026768642448,Mid
2936.0,5.0,5.0,12.0,158.3,5391.689373297003,New
1594.0,5.0,,3.3,122.6,7691.342534504392,
2115.0,4.0,30.0,16.4,133.7,6321.513002364065,Mid
2695.0,5.0,22.0,14.9,163.6,6070.500927643785,Mid
2645.0,2.0,31.0,19.3,113.0,4272.211720226843,Old
775.0,3.0,20.0,16.6,41.6,5367.741935483871,Mid
2057.0,1.0,17.0,6.3,116.0,5639.280505590666,Mid
888.0,1.0,15.0,8.6,24.4,2747.747747747748,Mid
1985.0,3.0,30.0,10.2,107.3,5405.5415617128465,Mid
1082.0,4.0,16.0,4.2,83.0,7670.97966728281,Mid
2429.0,3.0,29.0,14.7,108.9,4483.326471799094,Mid
2080.0,5.0,8.0,17.0,143.6,6903.846153846154,New
2895.0,5.0,13.0,8.1,144.7,4998.272884283247,Mid
1281.0,2.0,34.0,19.1,73.1,5706.47931303669,Old
2909.0,2.0,9.0,11.2,119.6,4111.378480577518,New
2085.0,1.0,20.0,7.2,105.1,5040.767386091127,Mid
2342.0,4.0,27.0,21.6,110.7,4726.729291204099,Mid
652.0,1.0,23.0,23.7,50.9,7806.748466257669,Mid
2897.0,3.0,7.0,2.8,155.7,5374.525371073523,New
2824.0,2.0,23.0,19.5,122.9,4351.9830028328615,Mid
551.0,4.0,12.0,21.8,67.4,12232.30490018149,Mid
1823.0,2.0,39.0,11.8,71.5,3922.1064179923205,Old
2007.0,1.0,30.0,,98.9,4927.7528649725955,Mid
1672.0,5.0,28.0,13.2,107.5,6429.425837320574,Mid
2970.0,1.0,4.0,13.4,140.1,4717.171717171717,New
1737.0,2.0,,19.1,103.0,5929.763960852044,
2963.0,1.0,6.0,16.6,150.5,5079.3115086061425,New
2288.0,3.0,21.0,13.0,115.8,5061.188811188811,Mid
2252.0,2.0,10.0,3.0,115.5,5128.774422735346,New
2135.0,4.0,23.0,8.7,114.4,5358.31381733021,Mid
2363.0,4.0,4.0,10.0,142.5,6030.469741853576,New
930.0,1.0,14.0,15.5,48.7,5236.559139784947,Mid
1201.0,3.0,9.0,11.0,71.7,5970.024979184013,New
805.0,5.0,17.0,6.4,83.7,10397.51552795031,Mid
2526.0,3.0,30.0,2.3,132.9,5261.282660332541,Mid
1536.0,2.0,24.0,12.1,86.5,5631.510416666667,Mid
2368.0,5.0,19.0,9.6,147.9,6245.777027027027,Mid
769.0,1.0,8.0,15.4,38.9,5058.51755526658,New
990.0,2.0,33.0,8.9,42.9,4333.333333333333,Old
2744.0,4.0,4.0,19.8,144.7,5273.32361516035,New
644.0,1.0,23.0,12.2,42.3,6568.322981366459,Mid
749.0,1.0,12.0,24.1,58.9,7863.818424566088,Mid
2826.0,5.0,22.0,11.0,176.8,6256.192498230715,Mid
1739.0,1.0,27.0,20.9,78.6,4519.838987924094,Mid
655.0,3.0,38.0,23.1,55.3,8442.748091603053,Old
1138.0,,4.0,12.7,68.0,5975.395430579965,New
2889.0,1.0,36.0,11.7,129.0,4465.2128764278295,Old
2663.0,1.0,39.0,,113.5,4262.110401802478,Old
528.0,4.0,16.0,14.2,70.1,13276.51515151515,Mid
966.0,4.0,34.0,5.8,82.7,8561.076604554866,Old
2790.0,5.0,9.0,1.7,153.3,5494.623655913979,New
2462.0,5.0,38.0,2.8,128.6,5223.395613322502,Old
2979.0,4.0,9.0,24.4,153.5,5152.735817388385,New
754.0,3.0,26.0,19.7,46.4,6153.846153846154,Mid
2374.0,5.0,3.0,1.2,145.3,6120.471777590566,New
2407.0,3.0,,2.1,142.3,5911.923556294143,
2657.0,1.0,37.0,7.2,120.8,4546.480993601806,Old
2165.0,3.0,37.0,11.2,111.5,5150.115473441108,Old
1467.0,2.0,20.0,11.4,80.0,5453.306066802999,Mid
2465.0,1.0,5.0,6.5,113.3,4596.348884381338,New
2951.0,3.0,22.0,14.2,152.7,5174.517112843103,Mid
1510.0,5.0,15.0,20.9,101.7,6735.099337748345,Mid
1897.0,3.0,29.0,24.7,91.9,4844.491302055878,Mid
1896.0,2.0,13.0,3.7,116.4,6139.2405063291135,Mid
2777.0,1.0,33.0,21.9,133.1,4792.9420237666545,Old
1380.0,4.0,11.0,25.0,90.4,6550.724637681159,Mid
1660.0,2.0,35.0,16.2,97.2,5855.421686746988,Old
606.0,3.0,10.0,22.2,55.9,9224.422442244224,New
1674.0,5.0,28.0,3.6,110.4,6594.982078853047,Mid
2398.0,2.0,18.0,5.1,127.7,5325.271059216014,Mid
2234.0,5.0,15.0,,150.6,6741.271262309759,Mid
1394.0,4.0,27.0,23.3,108.1,7754.662840746055,Mid
2906.0,4.0,8.0,3.7,159.6,5492.085340674466,New
1863.0,5.0,37.0,7.1,131.8,7074.610842726785,Old
2945.0,3.0,7.0,22.8,153.6,5215.619694397284,New
2572.0,5.0,36.0,22.3,143.8,5590.979782270607,Old
1977.0,2.0,8.0,24.4,96.0,4855.842185128983,New
2276.0,1.0,12.0,8.8,99.2,4358.523725834798,Mid
2958.0,5.0,7.0,4.0,171.2,5787.694388100068,New
1555.0,2.0,12.0,14.4,103.9,6681.672025723473,Mid
2751.0,1.0,24.0,10.1,128.0,4652.85350781534,Mid
901.0,5.0,33.0,20.5,70.4,7813.540510543841,Old
1187.0,3.0,33.0,22.2,61.2,5155.855096882898,Old
2282.0,4.0,38.0,18.8,143.1,6270.815074496056,Old
888.0,1.0,15.0,13.8,39.1,4403.153153153153,Mid
2796.0,3.0,30.0,3.0,137.8,4928.469241773963,Mid
2280.0,3.0,8.0,10.6,134.1,5881.578947368421,New
2753.0,3.0,24.0,23.2,140.5,5103.52342898656,Mid
608.0,1.0,8.0,9.2,40.3,6628.28947368421,New
1054.0,1.0,1.0,3.2,90.7,8605.313092979128,New
1812.0,2.0,3.0,17.0,112.0,6181.0154525386315,New
1027.0,5.0,27.0,11.7,78.4,7633.885102239534,Mid
2075.0,3.0,9.0,15.4,122.2,5889.156626506024,New
2410.0,1.0,4.0,13.6,127.4,5286.307053941909,New
2384.0,1.0,36.0,14.9,107.3,4500.838926174497,Old
2762.0,3.0,6.0,3.3,155.1,5615.496017378711,New
1001.0,4.0,16.0,9.1,104.9,10479.520479520479,Mid
1514.0,4.0,7.0,5.0,107.1,7073.976221928666,New
1316.0,5.0,40.0,19.0,71.6,5440.729483282674,Old
1333.0,3.0,38.0,12.2,78.5,5888.972243060765,Old
816.0,5.0,24.0,23.4,88.9,10894.607843137255,Mid
2407.0,1.0,4.0,16.2,111.8,4644.786040714583,New
2440.0,4.0,27.0,19.9,141.6,5803.2786885245905,Mid
2952.0,3.0,16.0,18.3,132.1,4474.932249322494,Mid
2374.0,1.0,2.0,15.7,103.7,4368.155012636899,New
811.0,4.0,3.0,6.6,94.4,11639.950678175093,New
2381.0,3.0,33.0,19.8,124.3,5220.495590088198,Old
822.0,1.0,7.0,1.5,52.4,6374.695863746959,New
2655.0,4.0,14.0,24.2,137.8,5190.207156308852,Mid
2815.0,3.0,37.0,7.7,137.0,4866.785079928952,Old
2642.0,5.0,21.0,20.9,141.6,5359.576078728236,Mid
2463.0,2.0,17.0,1.3,125.7,5103.53227771011,Mid
1884.0,5.0,23.0,9.0,127.6,6772.823779193206,Mid
2710.0,4.0,28.0,5.7,122.9,4535.055350553505,Mid
1781.0,1.0,1.0,9.5,90.9,5103.874227961819,New
1870.0,2.0,24.0,2.1,87.2,4663.101604278075,Mid
509.0,4.0,19.0,16.2,55.6,10923.379174852653,Mid
1955.0,2.0,6.0,17.5,101.8,5207.161125319693,New
866.0,4.0,22.0,11.4,53.8,6212.471131639722,Mid
1561.0,3.0,29.0,19.7,87.2,5586.162716207559,Mid
1770.0,3.0,16.0,6.2,138.0,,Mid
1259.0,5.0,21.0,5.0,90.3,7172.359015091342,Mid
900.0,4.0,40.0,15.4,63.6,7066.666666666667,Old
729.0,2.0,33.0,14.6,32.0,4389.574759945131,Old
1852.0,4.0,35.0,4.0,103.4,5583.153347732182,Old
543.0,3.0,14.0,15.2,35.0,6445.672191528545,Mid
1779.0,1.0,31.0,10.5,90.5,5087.1275997751545,Old
2613.0,3.0,31.0,4.6,144.1,5514.734022196709,Old
1039.0,1.0,11.0,9.6,73.5,7074.109720885467,Mid
667.0,5.0,5.0,13.4,71.7,10749.625187406296,New
770.0,5.0,6.0,8.6,98.2,12753.246753246753,New
1646.0,1.0,33.0,22.5,52.5,3189.55042527339,Old
2541.0,3.0,2.0,3.0,151.0,5942.54230617867,New
1191.0,10.0,24.0,4.8,81.3,6826.196473551638,Mid
2000.0,1.0,24.0,20.5,82.9,4145.000000000001,Mid
2137.0,4.0,29.0,22.6,118.4,5540.477304632663,Mid
1711.0,1.0,37.0,1.3,80.4,4699.006428988896,Old
577.0,3.0,36.0,19.3,47.2,8180.242634315425,Old
1402.0,3.0,7.0,5.1,101.0,7203.994293865906,New
688.0,2.0,16.0,16.6,60.2,8750.0,Mid
1603.0,1.0,35.0,14.8,69.5,4335.620711166563,Old
2486.0,3.0,25.0,22.9,116.6,4690.265486725663,Mid
2538.0,1.0,25.0,16.0,137.7,5425.531914893616,Mid
2707.0,2.0,25.0,12.4,134.1,4953.82342076099,Mid
1989.0,5.0,4.0,11.1,138.5,6963.298139768728,New
946.0,1.0,29.0,10.7,47.2,4989.429175475687,Mid
2352.0,5.0,28.0,20.8,118.0,5017.006802721088,Mid
1288.0,5.0,28.0,1.9,93.8,7282.608695652174,Mid
2253.0,4.0,28.0,3.2,128.3,5694.62938304483,Mid
1227.0,3.0,40.0,12.5,65.2,5313.773431132844,Old
1770.0,5.0,28.0,13.0,123.8,-24760.0,Mid
1693.0,4.0,32.0,21.8,109.6,6473.715298287065,Old
1233.0,4.0,6.0,19.7,92.3,7485.80697485807,New
1823.0,5.0,15.0,12.9,130.2,7142.0735052111895,Mid
1072.0,2.0,38.0,9.1,60.8,5671.641791044776,Old
1546.0,5.0,17.0,16.4,117.4,7593.79042690815,Mid
2899.0,4.0,24.0,4.2,155.1,5350.120731286651,Mid
2305.0,3.0,14.0,6.2,145.5,6312.36442516269,Mid
508.0,1.0,26.0,1.4,25.2,4960.629921259842,Mid
603.0,2.0,32.0,14.5,33.9,5621.890547263682,Old
1864.0,2.0,31.0,9.0,101.5,5445.278969957081,Old
2719.0,1.0,22.0,19.4,114.9,4225.8183155571905,Mid
1559.0,4.0,7.0,24.3,100.5,6446.440025657473,New
2646.0,2.0,27.0,4.2,128.3,4848.828420256992,Mid
1030.0,4.0,10.0,13.4,81.2,7883.495145631068,New
1785.0,1.0,34.0,3.4,87.5,4901.9607843137255,Old
846.0,1.0,29.0,11.1,48.0,5673.758865248227,Mid
2050.0,1.0,29.0,9.0,94.9,4629.268292682927,Mid
2664.0,1.0,7.0,10.7,133.3,5003.753753753755,New
2849.0,5.0,32.0,18.6,153.2,5377.325377325376,Old
788.0,2.0,40.0,16.9,75.7,9606.598984771574,Old
2219.0,2.0,18.0,15.5,109.0,4912.122577737719,Mid
2362.0,1.0,40.0,20.9,92.1,3899.237933954276,Old
768.0,2.0,7.0,16.8,53.2,6927.083333333333,New
2473.0,4.0,12.0,2.5,171.6,6938.940558026688,Mid
1746.0,1.0,16.0,24.6,109.2,6254.295532646048,Mid
2062.0,5.0,23.0,4.5,133.7,6483.99612027158,Mid
2448.0,5.0,27.0,15.5,152.6,6233.660130718954,Mid
1626.0,3.0,35.0,8.8,99.5,6119.311193111931,Old
1106.0,5.0,13.0,2.0,110.0,9945.750452079566,Mid
1111.0,4.0,19.0,12.8,80.0,7200.7200720072005,Mid
2037.0,4.0,39.0,19.6,112.1,5503.190967108493,Old
2132.0,3.0,1.0,16.1,99.3,4657.598499061914,New
1779.0,4.0,38.0,19.0,92.6,5205.171444631816,Old
2338.0,5.0,32.0,17.8,127.2,5440.54747647562,Old
2678.0,5.0,21.0,13.1,142.0,5302.464525765497,Mid
2376.0,3.0,22.0,16.9,128.2,5395.622895622895,Mid
1456.0,2.0,21.0,19.8,75.4,5178.571428571429,Mid
2965.0,3.0,28.0,23.0,135.6,4573.355817875211,Mid
2292.0,3.0,4.0,10.3,137.4,5994.764397905759,New
1949.0,1.0,16.0,14.8,96.5,4951.257054899948,Mid
2510.0,4.0,,14.2,145.2,5784.860557768923,
1652.0,4.0,5.0,9.6,108.3,6555.690072639225,New
588.0,1.0,34.0,16.4,43.1,7329.931972789115,Old
1972.0,4.0,30.0,8.1,131.5,6668.356997971602,Mid
1872.0,4.0,11.0,6.6,117.8,6292.735042735043,Mid
2829.0,3.0,29.0,8.8,149.6,5288.08766348533,Mid
2942.0,3.0,17.0,1.9,133.8,4547.926580557444,Mid
2182.0,3.0,11.0,18.2,102.8,4711.274060494959,Mid
613.0,1.0,32.0,18.8,43.2,7047.308319738989,Old
1614.0,1.0,12.0,13.7,70.5,4368.029739776952,Mid
2510.0,5.0,1.0,6.9,164.5,6553.784860557769,New
1240.0,2.0,14.0,12.9,61.7,4975.806451612903,Mid
670.0,5.0,32.0,3.0,65.5,9776.119402985074,Old
2506.0,1.0,18.0,18.0,128.5,5127.693535514764,Mid
568.0,2.0,17.0,11.8,36.7,6461.267605633803,Mid
1463.0,1.0,18.0,19.0,82.3,5625.427204374573,Mid
1331.0,2.0,20.0,1.7,71.4,5364.387678437266,Mid
843.0,4.0,12.0,7.0,78.8,9347.568208778173,Mid
2466.0,3.0,38.0,14.8,121.3,4918.89699918897,Old
1670.0,1.0,2.0,14.2,89.7,5371.25748502994,New
1248.0,3.0,13.0,21.8,96.5,7732.371794871795,Mid
1592.0,2.0,4.0,6.1,93.0,5841.708542713568,New
564.0,3.0,10.0,5.7,64.6,11453.900709219857,New
2392.0,4.0,14.0,16.0,141.4,5911.371237458194,Mid
1226.0,2.0,36.0,13.3,66.3,5407.8303425774875,Old
2903.0,4.0,28.0,18.1,150.3,5177.402686875646,Mid
848.0,2.0,24.0,3.0,47.7,5625.0,Mid
2796.0,4.0,0.0,9.5,140.1,5010.729613733905,
2657.0,5.0,25.0,9.3,151.2,5690.628528415506,Mid
985.0,1.0,33.0,11.3,57.2,5807.106598984771,Old
1075.0,3.0,18.0,,74.8,6958.139534883721,Mid
1323.0,5.0,23.0,8.2,93.5,7067.271352985638,Mid
1979.0,5.0,18.0,5.1,132.3,6685.194542698334,Mid
2050.0,3.0,6.0,15.5,103.0,5024.390243902439,New
2347.0,5.0,11.0,11.5,156.1,6651.043885811674,Mid
810.0,2.0,32.0,1.5,33.8,4172.839506172839,Old
533.0,4.0,22.0,8.2,69.3,13001.87617260788,Mid
1837.0,10.0,2.0,17.8,82.5,4491.017964071856,New
926.0,3.0,17.0,5.7,69.4,7494.600431965444,Mid
613.0,10.0,29.0,9.0,43.7,7128.874388254486,Mid
545.0,4.0,8.0,20.5,71.0,13027.522935779816,New
2165.0,4.0,7.0,7.6,115.4,5330.254041570439,New
1044.0,2.0,10.0,18.6,60.0,5747.126436781609,New
1473.0,1.0,24.0,10.5,85.0,5770.536320434488,Mid
2559.0,2.0,0.0,1.6,128.8,5033.216100039079,
2226.0,4.0,18.0,23.3,130.0,5840.071877807727,Mid
1045.0,5.0,13.0,19.7,82.9,7933.014354066987,Mid
2024.0,3.0,14.0,3.9,122.2,6037.549407114625,Mid
1956.0,2.0,27.0,2.2,99.1,5066.462167689161,Mid
992.0,3.0,30.0,22.3,69.4,6995.967741935485,Mid
1379.0,4.0,4.0,3.9,110.8,8034.807831762147,New
1871.0,1.0,16.0,19.4,76.1,4067.3436664885085,Mid
1465.0,2.0,19.0,13.5,84.5,5767.918088737201,Mid
2634.0,5.0,4.0,21.3,159.9,6070.615034168565,New
2256.0,1.0,26.0,21.9,96.5,4277.482269503546,Mid
1422.0,5.0,15.0,15.8,102.4,7201.12517580872,Mid
1049.0,2.0,12.0,1.6,83.7,7979.027645376549,Mid
1417.0,2.0,24.0,1.3,92.7,6541.9901199717715,Mid
1623.0,1.0,38.0,13.2,93.2,5742.45224892175,Old
1604.0,5.0,35.0,7.4,98.0,6109.725685785536,Old
2256.0,3.0,25.0,2.3,118.2,5239.36170212766,Mid
560.0,3.0,28.0,18.9,48.9,8732.142857142857,Mid
1930.0,1.0,8.0,2.4,98.8,5119.170984455958,New
2708.0,4.0,40.0,11.3,149.1,5505.908419497784,Old
1027.0,5.0,39.0,5.0,92.4,8997.078870496593,Old
1701.0,3.0,36.0,9.9,92.2,5420.340975896532,Old
2531.0,2.0,39.0,5.7,133.2,5262.7419992097975,Old
606.0,5.0,30.0,5.3,73.7,12161.716171617161,Mid
2006.0,3.0,9.0,22.0,72.5,3614.1575274177467,New
2404.0,5.0,20.0,15.8,135.7,5644.758735440931,Mid
1336.0,5.0,7.0,14.9,102.5,7672.1556886227545,New
2110.0,4.0,23.0,19.2,137.6,6521.327014218009,Mid
1975.0,1.0,26.0,6.7,75.7,3832.9113924050635,Mid
1116.0,1.0,11.0,15.5,57.4,5143.36917562724,Mid
2857.0,3.0,24.0,23.9,158.3,5540.777038851943,Mid
2304.0,1.0,40.0,23.4,89.8,3897.5694444444443,Old
1000.0,5.0,28.0,13.9,82.0,8200.0,Mid
876.0,4.0,7.0,3.2,76.8,8767.123287671233,New
692.0,4.0,24.0,19.4,68.3,9869.942196531792,Mid
2452.0,2.0,2.0,17.3,128.7,5248.776508972267,New
2043.0,2.0,31.0,12.4,75.3,3685.7562408223203,Old
2521.0,1.0,11.0,6.2,136.4,5410.551368504562,Mid
2330.0,4.0,34.0,14.3,128.6,5519.31330472103,Old
1145.0,1.0,18.0,4.9,62.7,5475.982532751092,Mid
1446.0,3.0,27.0,2.0,84.2,5822.959889349931,Mid
1408.0,2.0,39.0,21.3,64.3,4566.761363636364,Old
1266.0,4.0,4.0,15.1,85.3,6737.756714060031,New
1950.0,1.0,14.0,6.1,103.1,5287.179487179487,Mid
1229.0,4.0,12.0,2.7,103.3,8405.20748576078,Mid
2737.0,3.0,2.0,18.6,128.8,4705.8823529411775,New
1799.0,3.0,14.0,1.2,126.7,7042.801556420233,Mid
1726.0,2.0,23.0,2.0,93.5,5417.149478563152,Mid
2555.0,1.0,37.0,4.9,120.8,4727.984344422701,Old
822.0,2.0,21.0,10.1,64.5,7846.715328467153,Mid
2138.0,1.0,16.0,21.5,98.0,4583.723105706267,Mid
1091.0,2.0,37.0,4.3,57.8,5297.891842346471,Old
2619.0,2.0,23.0,17.9,122.8,4688.8125238640705,Mid
1626.0,,3.0,2.0,102.0,6273.062730627306,New
2157.0,3.0,39.0,14.5,97.7,4529.439035697728,Old
2624.0,3.0,17.0,5.2,140.3,5346.798780487806,Mid
2142.0,2.0,1.0,5.5,103.3,4822.595704948646,New
2865.0,4.0,18.0,12.2,157.0,5479.9301919720765,Mid
2859.0,4.0,37.0,21.5,153.8,5379.503322840154,Old
1770.0,3.0,34.0,6.8,117.7,,Old
1850.0,5.0,37.0,15.3,108.9,5886.486486486487,Old
2821.0,2.0,26.0,21.6,143.7,5093.9383197447705,Mid
1508.0,2.0,24.0,17.3,74.3,4927.055702917772,Mid
1553.0,1.0,1.0,22.5,59.6,3837.733419188667,New
1036.0,2.0,11.0,2.7,57.8,5579.150579150579,Mid
959.0,5.0,9.0,5.5,96.3,10041.710114702815,New
1523.0,3.0,5.0,21.2,81.1,5325.016414970452,New
504.0,1.0,34.0,7.9,37.3,7400.79365079365,Old
2010.0,4.0,3.0,10.5,127.5,6343.2835820895525,New
2614.0,2.0,15.0,8.0,145.7,5573.833205814843,Mid
2075.0,5.0,15.0,1.1,129.6,6245.78313253012,Mid
1175.0,4.0,18.0,24.4,74.7,6357.446808510638,Mid
2830.0,3.0,21.0,23.2,123.2,4353.356890459364,Mid
675.0,4.0,38.0,7.8,56.8,8414.814814814816,Old
892.0,3.0,29.0,9.8,69.3,7769.058295964125,Mid
1768.0,5.0,5.0,25.0,131.1,7415.158371040724,New
760.0,3.0,28.0,3.5,63.4,8342.105263157895,Mid
739.0,5.0,11.0,22.1,78.1,10568.335588633287,Mid
2029.0,4.0,5.0,12.4,125.5,6185.312962050271,New
976.0,4.0,32.0,7.0,72.2,7397.540983606557,Old
2619.0,2.0,28.0,2.7,145.5,5555.555555555556,Mid
1754.0,1.0,14.0,3.0,85.4,4868.871151653364,Mid
703.0,2.0,3.0,15.5,73.2,10412.517780938833,New
1195.0,2.0,14.0,12.1,79.5,6652.719665271967,Mid
2666.0,3.0,5.0,17.5,143.2,5371.342835708927,New
1279.0,3.0,2.0,16.7,77.2,6035.965598123534,New
1521.0,1.0,4.0,20.1,84.7,5568.704799474031,New
1113.0,1.0,14.0,24.2,62.8,5642.40790655885,Mid
1265.0,3.0,35.0,9.4,81.1,6411.067193675889,Old
655.0,4.0,4.0,7.0,68.3,10427.480916030534,New
2657.0,5.0,38.0,7.7,151.1,5686.864885208882,Old
2831.0,4.0,1.0,15.7,157.7,5570.469798657718,New
1705.0,3.0,7.0,3.6,100.5,5894.428152492668,New
1473.0,5.0,11.0,9.7,100.8,6843.177189409369,Mid
2197.0,5.0,13.0,22.7,134.8,6135.639508420574,Mid
2990.0,3.0,38.0,7.7,128.6,4301.003344481605,Old
630.0,3.0,29.0,10.2,41.4,6571.428571428572,Mid
2418.0,2.0,13.0,8.6,118.4,4896.608767576509,Mid
1100.0,4.0,11.0,6.7,77.0,7000.0,Mid
976.0,2.0,27.0,15.4,76.2,7807.377049180328,Mid
1139.0,3.0,33.0,10.4,84.2,7392.449517120281,Old
1844.0,1.0,40.0,23.1,71.7,3888.286334056399,Old
2612.0,3.0,15.0,16.2,119.6,4578.866768759572,Mid
2579.0,4.0,20.0,7.3,140.5,5447.848003101977,Mid
1809.0,3.0,11.0,9.1,92.8,5129.906025428413,Mid
2489.0,5.0,10.0,6.2,167.7,6737.645640819605,New
1770.0,3.0,32.0,25.0,59.5,-11900.0,Old
1574.0,1.0,0.0,11.9,82.1,5216.010165184243,
2943.0,3.0,12.0,1.9,157.9,5365.273530411145,Mid
1747.0,4.0,18.0,18.4,97.0,5552.375500858615,Mid
705.0,5.0,19.0,24.0,81.7,11588.652482269503,Mid
2981.0,5.0,17.0,10.6,176.2,5910.768198591077,Mid
2261.0,2.0,38.0,13.9,112.3,4966.828836797877,Old
1840.0,1.0,40.0,16.0,58.8,3195.6521739130435,Old
1758.0,1.0,9.0,11.7,102.1,5807.7360637087595,New
1207.0,4.0,5.0,3.5,80.0,6628.003314001657,New
565.0,4.0,1.0,5.0,69.1,12230.088495575219,New
1475.0,5.0,34.0,19.2,96.0,6508.474576271186,Old
512.0,4.0,7.0,1.3,73.1,14277.343749999998,New
2170.0,5.0,4.0,20.5,141.2,6506.912442396312,New
1133.0,3.0,29.0,13.5,71.1,6275.375110326566,Mid
2265.0,4.0,20.0,6.4,133.4,5889.62472406181,Mid
1324.0,4.0,6.0,5.1,96.1,7258.308157099698,New
2524.0,5.0,21.0,23.4,141.0,5586.370839936609,Mid
1307.0,3.0,17.0,3.9,82.9,6342.769701606734,Mid
1988.0,3.0,13.0,15.1,114.2,5744.466800804829,Mid
2750.0,5.0,11.0,23.7,161.4,5869.090909090909,Mid
1215.0,3.0,35.0,10.0,70.0,5761.316872427984,Old
2392.0,2.0,30.0,23.4,119.4,4991.638795986622,Mid
1564.0,4.0,2.0,16.7,101.6,6496.1636828644505,New
2171.0,3.0,32.0,23.8,109.1,5025.333947489637,Old
2287.0,3.0,32.0,5.5,132.4,5789.2435505028425,Old
2121.0,1.0,11.0,10.4,-20.0,-942.951438000943,Mid
1167.0,1.0,18.0,22.5,83.9,7189.374464438732,Mid
2498.0,4.0,27.0,22.8,142.5,5704.563650920737,Mid
2880.0,1.0,13.0,2.3,136.6,4743.055555555556,Mid
2184.0,2.0,19.0,23.5,121.4,5558.608058608059,Mid
886.0,2.0,11.0,12.7,38.9,4390.5191873589165,Mid
2605.0,3.0,5.0,,151.4,5811.90019193858,New
690.0,1.0,35.0,14.9,26.6,3855.072463768116,Old
2329.0,2.0,24.0,11.6,116.1,4984.972091026191,Mid
1095.0,3.0,29.0,12.3,70.3,6420.091324200913,Mid
2457.0,5.0,6.0,24.2,165.8,6748.066748066749,New
909.0,5.0,10.0,15.4,88.5,9735.973597359736,New
860.0,5.0,3.0,6.1,101.7,11825.581395348838,New
1302.0,5.0,19.0,6.9,97.1,7457.7572964669735,Mid
2609.0,4.0,18.0,14.7,148.0,5672.671521655807,Mid
2301.0,2.0,25.0,19.2,129.3,5619.29595827901,Mid
2788.0,4.0,16.0,2.2,152.2,5459.110473457675,Mid
1923.0,5.0,5.0,22.3,126.8,6593.863754550182,New
684.0,4.0,17.0,21.1,77.2,11286.549707602338,Mid
2066.0,4.0,28.0,16.9,130.9,6335.914811229429,Mid
1338.0,2.0,30.0,7.7,77.6,5799.701046337817,Mid
2430.0,2.0,4.0,16.4,134.1,5518.518518518518,New
634.0,4.0,32.0,5.3,56.7,8943.217665615142,Old
1770.0,,29.0,5.1,79.9,,Mid
502.0,1.0,32.0,23.6,22.4,4462.151394422311,Old
2610.0,2.0,17.0,22.1,108.8,4168.582375478927,Mid
1146.0,4.0,17.0,10.6,89.1,7774.869109947644,Mid
2427.0,2.0,38.0,23.2,107.6,4433.456942727647,Old
1773.0,5.0,6.0,12.5,114.8,6474.9012972363225,New
1301.0,5.0,29.0,21.8,101.2,7778.6318216756345,Mid
2228.0,2.0,25.0,10.1,93.2,4183.123877917415,Mid
1571.0,1.0,34.0,1.6,81.6,5194.143857415658,Old
2761.0,2.0,23.0,10.7,126.3,4574.4295545092355,Mid
2506.0,2.0,19.0,23.6,114.1,4553.072625698324,Mid
2322.0,1.0,39.0,13.1,105.9,4560.723514211886,Old
771.0,5.0,19.0,19.7,75.8,9831.387808041505,Mid
2546.0,3.0,11.0,1.2,155.3,6099.76433621367,Mid
2331.0,1.0,5.0,1.1,123.2,5285.285285285286,New
524.0,1.0,40.0,21.9,25.5,4866.412213740458,Old
2600.0,3.0,37.0,22.8,118.6,4561.538461538462,Old
1789.0,2.0,6.0,24.5,97.2,5433.202906651761,New
1837.0,2.0,35.0,9.6,96.0,5225.91181273816,Old
1331.0,1.0,8.0,4.9,83.7,6288.504883546206,New
943.0,,0.0,21.3,82.8,8780.487804878048,
2651.0,5.0,39.0,16.4,137.0,5167.861184458695,Old
1199.0,5.0,18.0,6.5,107.2,8940.783986655546,Mid
1628.0,5.0,23.0,11.3,124.7,7659.7051597051595,Mid
645.0,1.0,36.0,4.9,69.8,10821.70542635659,Old
1770.0,5.0,34.0,12.7,101.4,-20280.0,Old
1005.0,3.0,26.0,3.5,65.0,6467.661691542288,Mid
2012.0,2.0,15.0,12.6,103.3,5134.194831013917,Mid
2962.0,3.0,37.0,15.5,146.3,4939.230249831196,Old
1647.0,2.0,12.0,5.1,88.0,5343.047965998786,Mid
2495.0,1.0,31.0,20.2,108.5,4348.697394789579,Old
2066.0,1.0,21.0,21.0,115.0,5566.311713455953,Mid
2310.0,2.0,9.0,17.4,110.1,4766.233766233766,New
951.0,4.0,38.0,17.2,85.7,9011.566771819138,Old
2056.0,2.0,10.0,15.2,123.9,6026.264591439689,New
1290.0,3.0,23.0,5.2,92.3,7155.038759689923,Mid
1064.0,4.0,12.0,18.1,71.0,6672.932330827068,Mid
1271.0,4.0,34.0,5.7,96.4,7584.579071597168,Old
1084.0,1.0,29.0,6.2,61.0,5627.306273062731,Mid
1890.0,5.0,25.0,16.8,119.5,6322.751322751323,Mid
811.0,3.0,6.0,19.3,-20.0,-2466.091245376079,New
1772.0,1.0,30.0,22.1,66.4,3747.1783295711066,Mid
2552.0,2.0,5.0,12.4,142.2,5572.100313479623,New
777.0,3.0,35.0,13.8,50.3,6473.616473616474,Old
1770.0,3.0,33.0,19.3,78.2,,Old
1766.0,2.0,35.0,14.2,82.5,4671.574178935447,Old
2613.0,3.0,36.0,23.5,122.1,4672.789896670493,Old
964.0,5.0,33.0,20.2,84.9,8807.053941908714,Old
2072.0,3.0,0.0,11.9,128.9,6221.042471042471,
2139.0,2.0,20.0,3.5,103.7,4848.0598410472185,Mid
2448.0,3.0,22.0,13.0,124.3,5077.614379084967,Mid
1471.0,,6.0,12.3,95.4,6485.384092454113,New
1997.0,4.0,21.0,20.2,120.9,6054.081121682524,Mid
2834.0,2.0,28.0,17.1,138.9,4901.199717713479,Mid
832.0,1.0,2.0,17.2,43.5,5228.365384615385,New
1440.0,4.0,35.0,21.5,76.2,5291.666666666667,Old
2150.0,5.0,16.0,8.2,143.8,6688.372093023257,Mid
1887.0,4.0,7.0,23.6,89.2,4727.080021197668,New
1165.0,4.0,14.0,15.2,100.6,8635.19313304721,Mid
2289.0,2.0,1.0,8.0,113.9,4975.972040192224,New
2854.0,4.0,20.0,21.6,138.3,4845.830413454801,Mid
2890.0,1.0,29.0,16.9,120.9,4183.391003460208,Mid
2454.0,2.0,7.0,12.1,117.7,4796.251018744906,New
1859.0,1.0,32.0,12.7,98.8,5314.685314685315,Old
749.0,3.0,8.0,20.8,56.1,7489.986648865153,New
1161.0,5.0,23.0,11.1,97.1,8363.479758828596,Mid
2058.0,2.0,26.0,22.3,103.8,5043.731778425656,Mid
1824.0,5.0,0.0,6.0,119.5,6551.535087719299,
1128.0,1.0,36.0,14.1,46.4,4113.475177304965,Old
2491.0,5.0,32.0,12.3,135.8,5451.625853071057,Old
1703.0,2.0,25.0,2.5,103.6,6083.382266588374,Mid
1128.0,2.0,34.0,13.5,61.0,5407.801418439716,Old
1495.0,3.0,34.0,10.1,89.1,5959.866220735786,Old
1367.0,4.0,9.0,6.7,109.9,8039.502560351134,New
981.0,4.0,0.0,14.8,96.4,9826.707441386341,
1988.0,,32.0,14.9,94.4,4748.490945674044,Old
2198.0,4.0,31.0,2.2,129.2,5878.0709736123745,Old
2703.0,2.0,13.0,21.8,127.2,4705.882352941177,Mid
2728.0,4.0,19.0,12.6,140.4,5146.627565982405,Mid
1449.0,1.0,17.0,1.4,62.5,4313.319530710835,Mid
2724.0,2.0,2.0,10.2,123.4,4530.102790014685,New
1300.0,4.0,30.0,5.5,91.9,7069.2307692307695,Mid
904.0,3.0,39.0,12.2,64.9,7179.20353982301,Old
900.0,4.0,5.0,15.6,75.5,8388.888888888889,New
1407.0,4.0,19.0,16.5,89.6,6368.1592039801,Mid
2776.0,5.0,36.0,3.1,154.8,5576.368876080693,Old
2035.0,3.0,25.0,13.7,90.6,4452.088452088452,Mid
2533.0,5.0,10.0,14.2,153.6,6063.955783655744,New
1736.0,5.0,16.0,10.4,123.7,7125.57603686636,Mid
744.0,4.0,40.0,13.4,54.4,7311.8279569892475,Old
2373.0,4.0,21.0,5.9,135.1,5693.215339233038,Mid
1259.0,1.0,5.0,22.3,71.5,5679.110405083399,New
2167.0,4.0,35.0,4.2,120.7,5569.912321181357,Old
822.0,3.0,1.0,11.5,67.4,8199.513381995135,New
1754.0,3.0,11.0,8.4,113.0,6442.417331812999,Mid
2301.0,5.0,36.0,7.7,132.8,5771.403737505433,Old
2885.0,5.0,9.0,23.4,165.4,5733.102253032929,New
2136.0,1.0,16.0,13.9,-20.0,-936.3295880149813,Mid
1444.0,5.0,22.0,1.7,102.0,7063.711911357341,Mid
2400.0,2.0,9.0,10.2,111.4,4641.666666666667,New
2269.0,5.0,10.0,6.4,133.9,5901.278096077567,New
1413.0,4.0,6.0,8.4,100.2,7091.295116772823,New
925.0,4.0,37.0,1.3,70.4,7610.810810810812,Old
1877.0,4.0,27.0,6.1,112.4,5988.279168886521,Mid
582.0,5.0,26.0,16.4,77.6,13333.333333333332,Mid
1293.0,5.0,1.0,16.0,109.8,8491.879350348028,New
2800.0,5.0,38.0,5.0,159.7,5703.5714285714275,Old
1628.0,4.0,20.0,8.0,121.0,7432.4324324324325,Mid
1060.0,4.0,24.0,7.2,90.2,8509.433962264151,Mid
1107.0,4.0,34.0,1.9,76.8,6937.669376693767,Old
1267.0,3.0,34.0,8.1,72.4,5714.285714285715,Old
1272.0,3.0,21.0,14.5,89.8,7059.748427672956,Mid
1949.0,2.0,8.0,2.0,103.4,5305.284761416111,New
631.0,3.0,30.0,22.1,47.5,7527.733755942948,Mid
2167.0,3.0,1.0,11.5,141.0,6506.691278264882,New
1871.0,4.0,38.0,2.9,113.9,6087.653661143773,Old
1866.0,5.0,27.0,20.4,100.7,5396.570203644159,Mid
2959.0,2.0,39.0,8.8,138.3,4673.8763095640425,Old
529.0,1.0,28.0,19.4,38.3,7240.075614366729,Mid
1216.0,5.0,2.0,13.5,96.0,7894.736842105263,New
1596.0,5.0,31.0,3.7,121.1,7587.7192982456145,Old
1432.0,2.0,33.0,7.9,91.4,6382.6815642458105,Old
997.0,4.0,23.0,11.9,78.8,7903.7111334002,Mid
1770.0,2.0,29.0,5.2,62.5,,Mid
1866.0,2.0,24.0,18.1,86.2,4619.506966773848,Mid
2929.0,1.0,6.0,4.5,138.9,4742.232843974052,New
1957.0,5.0,2.0,7.4,119.5,6106.285130301482,New
1194.0,4.0,27.0,15.9,79.2,6633.165829145729,Mid
940.0,1.0,33.0,10.5,49.0,5212.765957446809,Old
2748.0,2.0,34.0,10.8,135.5,4930.858806404658,Old
2200.0,1.0,28.0,11.0,92.0,4181.818181818182,Mid
2067.0,3.0,16.0,17.3,102.1,4939.525882922109,Mid
1933.0,5.0,28.0,14.7,121.0,6259.699948266943,Mid
1754.0,4.0,11.0,16.3,101.6,5792.474344355758,Mid
2426.0,4.0,38.0,17.4,114.1,4703.215169002473,Old
2674.0,3.0,5.0,1.2,128.4,4801.795063575169,New
835.0,2.0,35.0,17.1,37.7,4514.97005988024,Old
1757.0,1.0,6.0,8.9,100.4,5714.285714285715,New
2137.0,3.0,21.0,10.7,130.6,6111.371080954609,Mid
1355.0,4.0,39.0,4.0,86.0,6346.863468634687,Old
1219.0,3.0,33.0,12.5,80.7,6620.180475799836,Old
2213.0,3.0,4.0,21.5,110.8,5006.778129236331,New
2672.0,2.0,27.0,21.9,115.8,4333.832335329342,Mid
2863.0,5.0,12.0,10.4,147.0,5134.474327628362,Mid
2054.0,1.0,35.0,22.6,92.1,4483.933787731256,Old
712.0,5.0,33.0,20.5,66.7,9367.977528089888,Old
920.0,5.0,8.0,18.0,88.0,9565.217391304348,New
2242.0,4.0,18.0,1.9,130.4,5816.235504014273,Mid
2716.0,3.0,4.0,24.7,139.0,5117.820324005891,New
1403.0,1.0,3.0,5.9,83.5,5951.5324305060585,New
881.0,4.0,32.0,12.3,59.3,6730.987514188422,Old
2210.0,1.0,33.0,2.6,107.6,4868.778280542986,Old
659.0,1.0,21.0,10.2,35.8,5432.47344461305,Mid
1770.0,3.0,14.0,14.9,106.4,6011.299435028249,Mid
1792.0,5.0,17.0,12.9,110.5,6166.294642857143,Mid
2080.0,3.0,16.0,4.6,113.7,5466.346153846154,Mid
1770.0,5.0,17.0,24.8,123.1,,Mid
2517.0,3.0,32.0,16.9,118.3,4700.039729837108,Old
2547.0,2.0,28.0,19.6,126.7,4974.479780133491,Mid
1852.0,4.0,22.0,14.5,92.8,5010.799136069115,Mid
2337.0,4.0,12.0,20.8,122.4,5237.483953786907,Mid
2557.0,4.0,36.0,2.5,152.2,5952.287837309346,Old
1863.0,2.0,35.0,8.6,93.3,5008.05152979066,Old
2857.0,1.0,12.0,22.2,121.0,4235.211760588029,Mid
2706.0,4.0,28.0,6.1,172.5,6374.7228381374725,Mid
2661.0,3.0,24.0,8.4,137.5,5167.230364524615,Mid
1476.0,4.0,18.0,15.6,104.9,7107.046070460705,Mid
514.0,3.0,19.0,17.7,49.5,9630.35019455253,Mid
547.0,4.0,33.0,19.9,68.3,12486.288848263253,Old
2018.0,4.0,12.0,11.2,132.3,6555.996035678891,Mid
2227.0,2.0,23.0,2.1,131.2,5891.333632689716,Mid
680.0,1.0,11.0,18.2,56.3,8279.411764705883,Mid
2641.0,3.0,20.0,15.0,134.7,5100.340780007572,Mid
2356.0,3.0,27.0,9.0,134.8,5721.561969439729,Mid
1558.0,5.0,22.0,9.5,117.2,7522.464698331194,Mid
1974.0,3.0,31.0,9.3,107.7,5455.927051671732,Old
2195.0,1.0,34.0,6.8,75.0,3416.8564920273348,Old
1871.0,4.0,31.0,16.5,112.7,6023.516835916622,Old
1530.0,4.0,35.0,14.2,92.8,6065.359477124183,Old
964.0,1.0,8.0,4.1,49.6,5145.2282157676345,New
1757.0,3.0,7.0,24.9,107.8,6135.4581673306775,New
1124.0,2.0,17.0,19.9,85.8,7633.451957295374,Mid
1258.0,2.0,39.0,12.7,63.9,5079.491255961844,Old
1011.0,4.0,7.0,8.4,104.6,10346.191889218595,New
1519.0,2.0,34.0,9.0,73.7,4851.876234364714,Old
1641.0,4.0,10.0,23.9,112.4,6849.482023156612,New
1283.0,2.0,17.0,22.6,82.1,6399.064692127825,Mid
1598.0,5.0,20.0,21.7,98.8,6182.728410513141,Mid
1999.0,5.0,33.0,10.3,133.7,6688.344172086042,Old
1268.0,2.0,26.0,16.7,85.4,6735.015772870663,Mid
2840.0,1.0,27.0,7.0,133.1,4686.619718309859,Mid
2659.0,2.0,37.0,23.1,139.1,5231.289958631064,Old
603.0,2.0,31.0,23.4,40.9,6782.752902155888,Old
961.0,3.0,0.0,7.3,72.9,7585.848074921957,
788.0,3.0,12.0,23.5,66.8,8477.157360406092,Mid
2772.0,3.0,27.0,24.9,121.6,4386.724386724387,Mid
1814.0,4.0,0.0,23.9,109.1,6014.332965821389,
2157.0,2.0,1.0,14.5,127.2,5897.079276773296,New
2644.0,3.0,14.0,14.6,-20.0,-756.4296520423601,Mid
2807.0,5.0,13.0,22.2,145.7,5190.594941218382,Mid
1512.0,5.0,40.0,19.1,91.6,6058.201058201058,Old
1258.0,4.0,9.0,14.9,84.5,6717.011128775835,New
1788.0,5.0,16.0,21.4,113.3,6336.68903803132,Mid
2560.0,5.0,23.0,21.5,129.7,5066.406249999999,Mid
1229.0,4.0,38.0,14.9,65.6,5337.67290480065,Old
1798.0,1.0,9.0,3.8,83.9,4666.295884315907,New
515.0,1.0,0.0,17.6,30.4,5902.9126213592235,
1225.0,1.0,4.0,23.0,76.9,6277.551020408164,New
2462.0,2.0,23.0,17.5,121.6,4939.073923639317,Mid
599.0,4.0,27.0,21.0,53.3,8898.163606010017,Mid
2787.0,4.0,9.0,2.1,169.1,6067.456045927521,New
1744.0,4.0,12.0,22.9,107.2,6146.788990825688,Mid
2743.0,2.0,21.0,13.9,131.5,4794.021144732045,Mid
849.0,3.0,19.0,8.6,69.4,8174.322732626621,Mid
1696.0,5.0,30.0,14.6,122.2,7205.188679245283,Mid
2427.0,3.0,10.0,20.5,121.0,4985.578903996704,New
2464.0,1.0,18.0,15.5,107.8,4375.0,Mid
738.0,2.0,37.0,3.1,55.5,7520.325203252032,Old
646.0,2.0,17.0,20.6,50.6,7832.817337461301,Mid
2356.0,3.0,0.0,13.0,130.8,5551.782682512734,
1472.0,5.0,3.0,12.2,102.5,6963.315217391304,New
1745.0,1.0,36.0,2.2,102.8,5891.117478510028,Old
1008.0,4.0,3.0,22.1,62.7,6220.238095238095,New
2354.0,1.0,28.0,16.3,111.5,4736.61852166525,Mid
2949.0,1.0,21.0,4.5,139.2,4720.244150559511,Mid
2392.0,1.0,12.0,11.7,131.0,5476.588628762542,Mid
1366.0,3.0,6.0,6.6,92.6,6778.91654465593,New
589.0,1.0,,9.1,51.2,8692.699490662138,
777.0,3.0,17.0,1.2,60.2,7747.747747747748,Mid
664.0,4.0,22.0,17.1,44.0,6626.506024096386,Mid
1930.0,3.0,40.0,18.8,109.7,5683.937823834197,Old
1493.0,3.0,22.0,10.5,95.3,6383.1212324179505,Mid
682.0,5.0,21.0,22.6,59.4,8709.677419354839,Mid
1410.0,4.0,14.0,6.1,76.9,5453.900709219859,Mid
545.0,3.0,18.0,10.1,45.3,8311.926605504586,Mid
2455.0,3.0,2.0,16.9,120.7,4916.4969450101835,New
2423.0,2.0,11.0,18.1,113.9,4700.784151877838,Mid
1542.0,3.0,14.0,8.3,94.0,6095.979247730221,Mid
2098.0,1.0,,14.5,114.1,5438.512869399428,
1363.0,3.0,28.0,16.5,77.3,5671.313279530447,Mid
1827.0,4.0,1.0,19.9,122.8,6721.401204159825,New
1747.0,3.0,29.0,5.8,106.1,6073.268460217516,Mid
2523.0,5.0,13.0,21.0,144.5,5727.308759413397,Mid
1529.0,3.0,16.0,10.5,107.3,7017.658600392413,Mid
872.0,10.0,2.0,10.1,71.7,8222.477064220184,New
1772.0,5.0,26.0,22.7,112.2,6331.8284424379235,Mid
569.0,1.0,22.0,21.1,34.6,6080.843585237259,Mid
1407.0,1.0,12.0,21.0,82.5,5863.539445628998,Mid
1213.0,3.0,34.0,1.2,82.5,6801.319043693323,Old
2023.0,5.0,35.0,6.5,119.8,5921.898171033119,Old
1653.0,5.0,38.0,20.5,95.8,5795.523290986086,Old
1791.0,1.0,16.0,6.7,87.6,4891.1222780569515,Mid
1868.0,2.0,6.0,8.0,89.4,4785.8672376873665,New
2924.0,5.0,30.0,19.9,177.0,6053.351573187415,Mid
2120.0,2.0,4.0,13.9,120.6,5688.679245283019,New
1770.0,3.0,18.0,23.4,57.7,,Mid
1800.0,3.0,4.0,12.4,102.7,5705.555555555556,New
2627.0,,31.0,16.0,146.2,5565.2835934526065,Old
797.0,1.0,12.0,20.3,51.1,6411.543287327478,Mid
1216.0,3.0,21.0,18.7,50.1,4120.065789473684,Mid
504.0,3.0,21.0,3.4,-20.0,-3968.253968253968,Mid
694.0,2.0,27.0,5.7,64.2,9250.720461095101,Mid
1791.0,3.0,34.0,1.4,95.7,5343.383584589615,Old
1598.0,1.0,37.0,7.4,70.4,4405.506883604507,Old
1516.0,4.0,21.0,10.7,90.5,5969.656992084433,Mid
2984.0,4.0,9.0,8.8,162.5,5445.710455764075,New
1818.0,5.0,4.0,9.8,128.9,7090.20902090209,New
2609.0,1.0,10.0,6.1,116.1,4449.980835569184,New
2036.0,5.0,34.0,18.7,127.0,6237.721021611002,Old
587.0,2.0,26.0,10.7,46.9,7989.778534923339,Mid
916.0,2.0,10.0,13.5,52.8,5764.192139737991,New
1053.0,1.0,3.0,7.8,65.7,6239.316239316239,New
1548.0,5.0,7.0,2.6,114.6,7403.100775193799,New
1416.0,4.0,2.0,17.3,102.2,7217.514124293785,New
1574.0,5.0,22.0,15.1,94.4,5997.458703939009,Mid
1201.0,3.0,1.0,6.3,85.8,7144.0466278101585,New
2834.0,3.0,25.0,15.4,143.4,5059.985885673959,Mid
2860.0,5.0,6.0,13.9,172.6,6034.965034965035,New
1020.0,4.0,21.0,11.5,79.9,7833.333333333334,Mid
2425.0,1.0,11.0,21.9,111.2,4585.567010309278,Mid
2423.0,2.0,32.0,19.6,110.0,4539.826661163846,Old
2741.0,4.0,21.0,3.3,152.5,5563.66289675301,Mid
1702.0,1.0,3.0,23.2,90.9,5340.7755581668625,New
1707.0,2.0,10.0,23.5,86.8,5084.944346807264,New
1891.0,1.0,35.0,21.8,69.9,3696.456901110524,Old
1579.0,3.0,23.0,24.6,90.4,5725.142495250158,Mid
1881.0,1.0,8.0,4.8,78.0,4146.730462519936,New
1982.0,3.0,36.0,12.7,98.7,4979.818365287589,Old
1996.0,5.0,12.0,9.8,116.5,5836.6733466933865,Mid
1809.0,3.0,21.0,8.0,115.7,6395.798783858485,Mid
1746.0,3.0,20.0,13.3,93.1,5332.187857961054,Mid
2741.0,1.0,24.0,18.6,114.7,4184.604159066034,Mid
2613.0,1.0,7.0,2.3,139.1,5323.3830845771145,New
1395.0,1.0,8.0,7.8,85.0,6093.1899641577065,New
894.0,2.0,32.0,13.7,57.8,6465.324384787472,Old
1180.0,2.0,23.0,9.9,74.0,6271.186440677966,Mid
2535.0,2.0,8.0,7.3,124.0,4891.5187376725835,New
885.0,5.0,9.0,8.7,84.6,9559.322033898305,New
2396.0,5.0,17.0,21.2,140.3,5855.592654424041,Mid
2250.0,4.0,36.0,20.1,127.8,5680.0,Old
1514.0,4.0,39.0,12.9,100.7,6651.254953764861,Old
2203.0,3.0,13.0,,117.0,5310.9396277803,Mid
1801.0,5.0,19.0,12.6,122.5,6801.776790671849,Mid
845.0,1.0,12.0,23.4,54.8,6485.207100591716,Mid
1733.0,5.0,5.0,7.4,131.1,7564.916330063474,New
1700.0,5.0,40.0,24.7,108.2,6364.705882352941,Old
1470.0,2.0,18.0,23.5,70.8,4816.326530612245,Mid
2110.0,4.0,15.0,18.9,107.0,5071.090047393365,Mid
2516.0,3.0,34.0,3.1,122.4,4864.864864864865,Old
1852.0,1.0,14.0,7.1,88.3,4767.818574514039,Mid
1639.0,10.0,40.0,13.0,111.2,6784.624771201952,Old
1364.0,5.0,39.0,22.3,106.0,7771.260997067448,Old
2477.0,2.0,38.0,6.4,134.0,5409.76988292289,Old
2553.0,,27.0,20.3,127.7,5001.958480219349,Mid
2948.0,5.0,17.0,15.6,162.9,5525.780189959294,Mid
1266.0,5.0,1.0,1.7,119.1,9407.582938388625,New
864.0,1.0,18.0,15.0,57.9,6701.388888888889,Mid
2487.0,4.0,21.0,13.6,145.6,5854.443104141536,Mid
2644.0,1.0,8.0,11.2,133.8,5060.514372163389,New
2964.0,5.0,26.0,22.2,163.9,5529.689608636977,Mid
1004.0,5.0,34.0,24.3,58.8,5856.573705179283,Old
648.0,4.0,19.0,3.2,45.9,7083.333333333333,Mid
838.0,5.0,33.0,16.3,90.8,10835.322195704057,Old
1657.0,3.0,39.0,19.1,72.6,4381.412190706094,Old
2394.0,3.0,1.0,19.6,136.7,5710.108604845446,New
2677.0,3.0,4.0,18.0,136.2,5087.784833769144,New
1786.0,3.0,28.0,12.2,118.9,6657.334826427772,Mid
820.0,2.0,4.0,11.4,42.0,5121.951219512195,New
1207.0,3.0,19.0,18.3,88.5,7332.2286661143335,Mid
1605.0,3.0,0.0,1.3,94.5,5887.85046728972,
964.0,5.0,5.0,19.8,93.1,9657.676348547719,New
2367.0,3.0,28.0,2.4,143.1,6045.627376425856,Mid
1052.0,1.0,29.0,24.8,56.4,5361.216730038022,Mid
2760.0,2.0,9.0,17.4,123.6,4478.260869565217,New
2148.0,4.0,37.0,20.3,110.6,5148.975791433892,Old
746.0,2.0,16.0,3.9,70.5,9450.402144772119,Mid
2074.0,1.0,29.0,11.3,87.7,4228.543876567021,Mid
1109.0,4.0,29.0,9.1,92.7,8358.881875563571,Mid
1942.0,2.0,11.0,13.4,100.0,5149.330587023687,Mid
1766.0,1.0,10.0,6.3,103.9,5883.352208380521,New
1709.0,2.0,2.0,24.5,87.4,5114.101813926272,New
1996.0,4.0,24.0,18.4,119.5,5986.973947895792,Mid
1506.0,3.0,31.0,24.2,73.0,4847.277556440903,Old
1669.0,5.0,5.0,22.1,136.0,8148.591971240264,New
2649.0,4.0,33.0,15.2,159.7,6028.690071725178,Old
2867.0,5.0,29.0,15.1,148.6,5183.1182420648765,Mid
2954.0,1.0,23.0,3.2,130.9,4431.279620853081,Mid
1510.0,4.0,21.0,23.5,103.7,6867.549668874172,Mid
989.0,5.0,15.0,9.4,106.5,10768.45298281092,Mid
1863.0,,13.0,18.8,103.0,5528.717122920021,Mid
1871.0,2.0,4.0,7.7,93.9,5018.706574024586,New
2508.0,4.0,39.0,9.8,142.3,5673.84370015949,Old
823.0,4.0,5.0,23.7,89.5,10874.848116646415,New
2611.0,1.0,10.0,4.3,120.2,4603.600153198008,New
2336.0,2.0,7.0,12.6,116.5,4987.157534246576,New
942.0,3.0,8.0,8.0,88.1,9352.441613588111,New
1619.0,2.0,40.0,16.2,89.7,5540.457072266831,Old
1389.0,2.0,16.0,5.0,69.4,4996.400287976962,Mid
1770.0,2.0,9.0,7.5,79.9,-15980.000000000002,New
867.0,4.0,5.0,9.5,66.1,7623.990772779699,New
2435.0,5.0,9.0,12.5,142.0,5831.622176591376,New
1898.0,2.0,4.0,8.5,95.6,5036.880927291886,New
1075.0,4.0,8.0,1.8,82.7,7693.023255813953,New
1766.0,4.0,26.0,5.4,116.6,6602.4915062287655,Mid
2085.0,1.0,27.0,17.9,98.7,4733.812949640288,Mid
1584.0,4.0,29.0,4.2,98.2,6199.49494949495,Mid
1687.0,5.0,9.0,19.3,111.7,6621.221102548903,New
1433.0,2.0,4.0,7.3,107.2,7480.809490579204,New
691.0,2.0,1.0,15.8,48.5,7018.813314037627,New
1562.0,4.0,21.0,24.6,103.8,6645.326504481434,Mid
1311.0,4.0,4.0,,95.1,7254.004576659039,New
2045.0,2.0,28.0,14.7,103.4,5056.234718826406,Mid
1464.0,5.0,4.0,19.5,112.9,7711.748633879782,New
1696.0,2.0,22.0,22.6,77.9,4593.160377358491,Mid
1902.0,4.0,24.0,22.0,113.4,5962.145110410094,Mid
1255.0,4.0,25.0,18.7,106.8,8509.96015936255,Mid
1816.0,1.0,23.0,18.0,78.7,4333.700440528634,Mid
1860.0,4.0,20.0,19.5,119.1,6403.225806451613,Mid
1071.0,5.0,6.0,23.6,75.6,7058.823529411764,New
2514.0,4.0,35.0,3.9,136.3,5421.638822593477,Old
2968.0,5.0,13.0,24.0,158.3,5333.55795148248,Mid
2863.0,3.0,35.0,3.7,123.9,4327.628361858191,Old
1215.0,3.0,22.0,23.7,55.4,4559.6707818930045,Mid
856.0,5.0,37.0,10.7,82.2,9602.803738317756,Old
759.0,5.0,2.0,1.4,82.4,10856.38998682477,New
2723.0,2.0,15.0,6.3,138.1,5071.6121924348145,Mid
846.0,2.0,3.0,20.8,71.9,8498.817966903074,New
1090.0,3.0,40.0,15.4,69.6,6385.32110091743,Old
1147.0,1.0,14.0,,92.3,8047.079337401918,Mid
1660.0,1.0,5.0,5.3,106.7,6427.710843373494,New
1086.0,5.0,27.0,1.9,80.9,7449.355432780848,Mid
1174.0,2.0,37.0,2.9,70.4,5996.592844974447,Old
2397.0,1.0,40.0,2.9,118.1,4926.9920734251145,Old
1902.0,2.0,1.0,24.5,89.9,4726.603575184017,New
1647.0,4.0,36.0,24.2,89.1,5409.836065573771,Old
2344.0,3.0,3.0,24.2,120.4,5136.518771331058,New
893.0,2.0,15.0,5.2,67.5,7558.790593505039,Mid
2529.0,5.0,35.0,17.1,139.2,5504.151838671411,Old
2480.0,5.0,21.0,2.5,142.2,5733.870967741935,Mid
2070.0,2.0,22.0,10.2,106.9,5164.251207729469,Mid
1623.0,3.0,14.0,8.9,102.6,6321.626617375231,Mid
2743.0,3.0,20.0,4.3,135.7,4947.1381698869845,Mid
2431.0,1.0,28.0,6.5,98.5,4051.830522418758,Mid
2563.0,5.0,25.0,1.8,156.2,6094.420600858369,Mid
1930.0,1.0,16.0,17.4,96.0,4974.093264248705,Mid
957.0,1.0,19.0,9.5,67.1,7011.494252873562,Mid
2848.0,2.0,32.0,11.2,138.4,4859.550561797752,Old
798.0,4.0,10.0,18.3,74.3,9310.77694235589,New
799.0,4.0,40.0,1.1,69.7,8723.404255319148,Old
923.0,3.0,30.0,22.3,50.1,5427.95232936078,Mid
1386.0,2.0,24.0,9.0,75.5,5447.330447330447,Mid
1399.0,2.0,16.0,4.2,83.2,5947.10507505361,Mid
1290.0,4.0,0.0,6.1,74.4,5767.441860465117,
1238.0,4.0,35.0,18.0,63.0,5088.8529886914375,Old
2264.0,4.0,12.0,5.2,139.1,6143.992932862191,Mid
1408.0,1.0,36.0,1.7,70.5,5007.102272727273,Old
1646.0,3.0,8.0,3.8,114.0,6925.88092345079,New
1336.0,2.0,25.0,12.4,80.6,6032.934131736526,Mid
1770.0,2.0,40.0,6.5,112.8,,Old
1221.0,4.0,32.0,6.4,69.8,5716.625716625716,Old
1880.0,4.0,28.0,21.1,120.4,6404.255319148936,Mid
1074.0,5.0,35.0,8.1,84.4,7858.472998137802,Old
2191.0,3.0,15.0,13.3,121.3,5536.284801460521,Mid
